Emplyee name,Promotion
Abram Q Keffer,1
Adalberto W Creek,1
Adelaide L Harrop,1
Aiko Blossom,1
Aileen Hiltz,1
Alease Y Lander,1
Alexis C Amaral,1
Alexis D Bonelli,1
Alexis Q Grose,1
Aliza X Sammons,1
America V Lobel,1
Amiee Z Chaffins,1
Andrew Detweiler,1
Andrew P Detweiler,1
Anibal F Pieper,1
Audrie X Mccammon,1
Ayako Bachmann,1
Bart B Gilcrease,1
Beatrice T Coen,1
Bert S Kinkade,1
Bonny Poor,1
Brendon E Mone,1
Brent U Perlman,1
Bryanna Pyron,1
Buck H Rancourt,1
Bud L Lofgren,1
Bud Lofgren,1
Buddy W Lofgren,1
Candelaria Zajicek,1
Carlotta T Ryles,1
Carmelia E Bergeron,1
Carolin T Loya,1
Carolynn V Moynihan,1
Cecily D Houser,1
Celestine H Alderson,1
Celine Baskin,1
Chadwick I Hargreaves,1
Chere Patchett,1
Christene L Mccaleb,1
Christie Rodger,1
Clarence Hinkson,1
Clemente S Wiechmann,1
Cleveland Franko,1
Cleveland W Franko,1
Cliff Skipworth,1
Colton B Salzman,1
Cordell M Tweedy,1
Cyndy Ary,1
Dale E Childers,1
Damian F Mcgaughey,1
Darcel P Burford,1
Davis Z Gaylor,1
Deanna P Scoggin,1
Detra D Rymer,1
Devin Hales,1
Dion K Taylor,1
Donna R Woodrum,1
Dovie Nickerson,1
Doyle T Grindstaff,1
Doyle Utter,1
Dulce E Grizzard,1
Edmund K Masuda,1
Edmund Mcclung,1
Edra M Guthrie,1
Eleanor D Dickson,1
Eleanora Farthing,1
Elsy B Latta,1
Elvis J Stroh,1
Elvis Stroh,1
Emma Monti,1
Emma X Monti,1
Exie C Bradham,1
Federico I Carlile,1
Fernando S Korhonen,1
Freddy Rolling,1
Garnett Dryer,1
Garrett S Nolette,1
Gearldine Stolte,1
Gerardo Q Bergen,1
Gilbert M Wolfgram,1
Giuseppina N Dagostino,1
Gregory I Kidwell,1
Heath Fell,1
Inocencia Z Buteau,1
Isaac O Dempster,1
Isaiah Y Magwood,1
Isis F Hash,1
Isobel K Dance,1
Izola E Ye,1
Jackie P Montague,1
Jaleesa I Averett,1
Jamaal Z Resto,1
Jamel Meaney,1
Janie P Caswell,1
Jarred Class,1
Jayme B Shimer,1
Jayson S Carrol,1
Jeff E Lucero,1
Jeneva Y Bybee,1
Jerlene P Dunnigan,1
Jolanda Dewees,1
Joleen H Chea,1
Jon Arvizu,1
Jon Behler,1
Jordan Phu,1
Josette R Betancourt,1
Julius Q Stock,1
Junita Y Huhn,1
Karisa B Glidewell,1
Kaye Tubbs,1
Keira Y Till,1
Ken X Weisberg,1
Kendrick C Burchette,1
Kenton Q Villalta,1
Kieth G Coney,1
Kylie K Freda,1
Larry K Mash,1
Latia Gleaton,1
Laurena P Caston,1
Laurence K Ryles,1
Leonia Y Derosier,1
Les V Gran,1
Lia Liner,1
Lincoln D Cauley,1
Loren H Mckenzie,1
Louann X Sakamoto,1
Lucinda Z Borton,1
Lyla Q Donald,1
Mac Lineberry,1
Mack L Lykes,1
Margit Gallaher,1
Mariam F Pinheiro,1
Mariano Y Kyles,1
Marissa S Hughes,1
Mathilda Monty,1
Mauricio I Streets,1
Maximina K Frates,1
Micki R Jauregui,1
Misti Royal,1
Molly U Rasch,1
Morgan K Rathbun,1
Myron V Elsea,1
Narcisa C Rayburn,1
Nettie T Mccandless,1
Nicholas B Salcedo,1
Noel Garon,1
Orville Massey,1
Patria D Riedel,1
Paz J Hegwood,1
Perry E Huddleston,1
Perry Outland,1
Phillip Crabill,1
Ramonita Z Fincher,1
Reinaldo Castellanos,1
Reinaldo G Castellanos,1
Renaldo K Cheatham,1
Rich Rehberg,1
Richelle Haffner,1
Robbie N Heckman,1
Rodney Leonardo,1
Rolando Womble,1
Ronnie G Gumbs,1
Ronnie Upton,1
Rosa Iler,1
Rosalva G Shepley,1
Roselia F Britton,1
Royal U Okeefe,1
Rozanne N Mielke,1
Russel Baumer,1
Sam E Lacey,1
Scott D Torrey,1
Seth N Lipsky,1
Sherwood K Shire,1
Sheryll X Broadbent,1
Son D Ricketts,1
Sonny Najar,1
Sophia F Knecht,1
Stan I Folks,1
Stephan Q Ranger,1
Stewart Mazurek,1
Susana H Hooks,1
Suzette Lovejoy,1
Sylvester Harmer,1
Sylvester Z Blackledge,1
Tammi S Garret,1
Taneka Q Church,1
Taylor Thill,1
Terra Routh,1
Therese Q Belden,1
Theron T Kramer,1
Tiffaney A Schoenberg,1
Tim N Schueller,1
Tim U Kornegay,1
Tiny Llanos,1
Tiny Q Llanos,1
Toney W Bollman,1
Tonja E Lenahan,1
Tony E Keough,1
Toya B Rawlins,1
Trent J Lockman,1
Tyler N Larkins,1
Tyree W Linden,1
Valene Z Woodmansee,1
Valentin T Dearborn,1
Vaughn Garica,1
Vernell X Amado,1
Verona H Brobst,1
Vikki N Lezama,1
Violet L Ertel,1
Waldo Witmer,1
Walton S Keim,1
Willian Zeringue,1
Windy Pharr,1
Zella Renn,1
Zenia D Owings,1
